{
  "version": "1.0",
  "defaultProvider": "cdnjs",
  "libraries": [
    {
      "library": "bootstrap@5.2.3",
      "destination": "wwwroot/lib/bootstrap/",
      "files": [
        "css/bootstrap-grid.css",
        "css/bootstrap-grid.css.map",
        "css/bootstrap-grid.min.css",
        "css/bootstrap-grid.min.css.map",
        "css/bootstrap-grid.rtl.css",
        "css/bootstrap-grid.rtl.css.map",
        "css/bootstrap-grid.rtl.min.css",
        "css/bootstrap-grid.rtl.min.css.map",
        "css/bootstrap-reboot.css",
        "css/bootstrap-reboot.css.map",
        "css/bootstrap-reboot.min.css",
        "css/bootstrap-reboot.min.css.map",
        "css/bootstrap-reboot.rtl.css",
        "css/bootstrap-reboot.rtl.css.map",
        "css/bootstrap-reboot.rtl.min.css",
        "css/bootstrap-reboot.rtl.min.css.map",
        "css/bootstrap-utilities.css",
        "css/bootstrap-utilities.css.map",
        "css/bootstrap-utilities.min.css",
        "css/bootstrap-utilities.min.css.map",
        "css/bootstrap-utilities.rtl.css",
        "css/bootstrap-utilities.rtl.css.map",
        "css/bootstrap-utilities.rtl.min.css",
        "css/bootstrap-utilities.rtl.min.css.map",
        "css/bootstrap.css",
        "css/bootstrap.css.map",
        "css/bootstrap.min.css",
        "css/bootstrap.min.css.map",
        "css/bootstrap.rtl.css",
        "css/bootstrap.rtl.css.map",
        "css/bootstrap.rtl.min.css",
        "css/bootstrap.rtl.min.css.map",
        "js/bootstrap.bundle.js",
        "js/bootstrap.bundle.js.map",
        "js/bootstrap.bundle.min.js",
        "js/bootstrap.bundle.min.js.map",
        "js/bootstrap.esm.js",
        "js/bootstrap.esm.js.map",
        "js/bootstrap.esm.min.js",
        "js/bootstrap.esm.min.js.map",
        "js/bootstrap.js",
        "js/bootstrap.js.map",
        "js/bootstrap.min.js",
        "js/bootstrap.min.js.map"
      ]
    },
    {
      "library": "font-awesome@6.4.0",
      "destination": "wwwroot/lib/font-awesome/",
      "files": [
        "css/all.css",
        "css/all.min.css",
        "css/brands.css",
        "css/brands.min.css",
        "css/fontawesome.css",
        "css/fontawesome.min.css",
        "css/regular.css",
        "css/regular.min.css",
        "css/solid.css",
        "css/solid.min.css",
        "css/svg-with-js.css",
        "css/svg-with-js.min.css",
        "css/v4-font-face.css",
        "css/v4-font-face.min.css",
        "css/v4-shims.css",
        "css/v4-shims.min.css",
        "css/v5-font-face.css",
        "css/v5-font-face.min.css",
        "js/all.js",
        "js/all.min.js",
        "js/brands.js",
        "js/brands.min.js",
        "js/conflict-detection.js",
        "js/conflict-detection.min.js",
        "js/fontawesome.js",
        "js/fontawesome.min.js",
        "js/regular.js",
        "js/regular.min.js",
        "js/solid.js",
        "js/solid.min.js",
        "js/v4-shims.js",
        "js/v4-shims.min.js",
        "sprites/brands.svg",
        "sprites/regular.svg",
        "sprites/solid.svg",
        "webfonts/fa-brands-400.ttf",
        "webfonts/fa-brands-400.woff2",
        "webfonts/fa-regular-400.ttf",
        "webfonts/fa-regular-400.woff2",
        "webfonts/fa-solid-900.ttf",
        "webfonts/fa-solid-900.woff2",
        "webfonts/fa-v4compatibility.ttf",
        "webfonts/fa-v4compatibility.woff2"
      ]
    }
  ]
}